FileName,Segment,Brand,Count
C_Alf_01.jpg,C,AlfaRomeo,1
C_Alf_02.jpg,C,AlfaRomeo,2
C_Alf_03.jpg,C,AlfaRomeo,3
D_Alf_01.jpg,D,AlfaRomeo,1
D_Alf_02.jpg,D,AlfaRomeo,2
D_Alf_03.jpg,D,AlfaRomeo,3
D_Alf_04.jpg,D,AlfaRomeo,4
D_Alf_05.jpg,D,AlfaRomeo,5
D_Alf_06.jpg,D,AlfaRomeo,6
D_Alf_07.jpg,D,AlfaRomeo,7
D_Alf_08.jpg,D,AlfaRomeo,8
S_Alf_01.jpg,S,AlfaRomeo,1
S_Alf_02.jpg,S,AlfaRomeo,2
S_Ast_01.jpg,S,AstonMartin,1
S_Ast_02.jpg,S,AstonMartin,2
S_Ast_03.jpg,S,AstonMartin,3
S_Ast_04.jpg,S,AstonMartin,4
S_Ast_05.jpg,S,AstonMartin,5
S_Ast_06.jpg,S,AstonMartin,6
S_Ast_07.jpg,S,AstonMartin,7
A_Ast_01.jpg,A,AstonMartin,1
S_Ast_08.jpg,S,AstonMartin,8
S_Ast_09.jpg,S,AstonMartin,9
S_Ast_10.jpg,S,AstonMartin,10
S_Ast_11.jpg,S,AstonMartin,11
S_Ast_12.jpg,S,AstonMartin,12
S_Ast_13.jpg,S,AstonMartin,13
S_Ast_14.jpg,S,AstonMartin,14
S_Ast_15.jpg,S,AstonMartin,15
S_Ast_16.jpg,S,AstonMartin,16
S_Ast_17.jpg,S,AstonMartin,17
S_Ast_18.jpg,S,AstonMartin,18
S_Ast_19.jpg,S,AstonMartin,19
S_Ast_20.jpg,S,AstonMartin,20
S_Ast_21.jpg,S,AstonMartin,21
S_Ast_22.jpg,S,AstonMartin,22
S_Ast_23.jpg,S,AstonMartin,23
S_Ast_24.jpg,S,AstonMartin,24
S_Ast_25.jpg,S,AstonMartin,25
S_Ast_26.jpg,S,AstonMartin,26
S_Ast_27.jpg,S,AstonMartin,27
S_Ast_28.jpg,S,AstonMartin,28
S_Ast_29.jpg,S,AstonMartin,29
S_Ast_30.jpg,S,AstonMartin,30
S_Ast_31.jpg,S,AstonMartin,31
S_Ast_32.jpg,S,AstonMartin,32
S_Ast_33.jpg,S,AstonMartin,33
S_Ast_34.jpg,S,AstonMartin,34
S_Ast_35.jpg,S,AstonMartin,35
S_Ast_36.jpg,S,AstonMartin,36
S_Ast_37.jpg,S,AstonMartin,37
S_Ast_38.jpg,S,AstonMartin,38
S_Ast_39.jpg,S,AstonMartin,39
S_Ast_40.jpg,S,AstonMartin,40
S_Ast_41.jpg,S,AstonMartin,41
S_Ast_42.jpg,S,AstonMartin,42
S_Ast_43.jpg,S,AstonMartin,43
S_Ast_44.jpg,S,AstonMartin,44
S_Ast_45.jpg,S,AstonMartin,45
S_Ast_46.jpg,S,AstonMartin,46
S_Ast_47.jpg,S,AstonMartin,47
S_Ast_48.jpg,S,AstonMartin,48
S_Ast_49.jpg,S,AstonMartin,49
S_Ast_50.jpg,S,AstonMartin,50
S_Ast_51.jpg,S,AstonMartin,51
S_Ast_52.jpg,S,AstonMartin,52
J_Ast_01.jpg,J,AstonMartin,1
J_Ast_02.jpg,J,AstonMartin,2
F_Ast_01.jpg,F,AstonMartin,1
S_Ast_53.jpg,S,AstonMartin,53
S_Ast_54.jpg,S,AstonMartin,54
S_Ast_55.jpg,S,AstonMartin,55
S_Ast_56.jpg,S,AstonMartin,56
E_Ast_01.jpg,E,AstonMartin,1
E_Ast_02.jpg,E,AstonMartin,2
E_Ast_03.jpg,E,AstonMartin,3
E_Ast_04.jpg,E,AstonMartin,4
E_Ast_05.jpg,E,AstonMartin,5
E_Ast_06.jpg,E,AstonMartin,6
E_Ast_07.jpg,E,AstonMartin,7
S_Ast_57.jpg,S,AstonMartin,57
S_Ast_58.jpg,S,AstonMartin,58
S_Ast_59.jpg,S,AstonMartin,59
S_Ast_60.jpg,S,AstonMartin,60
S_Ast_61.jpg,S,AstonMartin,61
S_Ast_62.jpg,S,AstonMartin,62
S_Ast_63.jpg,S,AstonMartin,63
S_Ast_64.jpg,S,AstonMartin,64
S_Ast_65.jpg,S,AstonMartin,65
S_Ast_66.jpg,S,AstonMartin,66
S_Ast_67.jpg,S,AstonMartin,67
S_Ast_68.jpg,S,AstonMartin,68
S_Ast_69.jpg,S,AstonMartin,69
S_Ast_70.jpg,S,AstonMartin,70
S_Ast_71.jpg,S,AstonMartin,71
S_Ast_72.jpg,S,AstonMartin,72
S_Ast_73.jpg,S,AstonMartin,73
S_Ast_74.jpg,S,AstonMartin,74
S_Ast_75.jpg,S,AstonMartin,75
S_Ast_76.jpg,S,AstonMartin,76
S_Ast_77.jpg,S,AstonMartin,77
S_Ast_78.jpg,S,AstonMartin,78
S_Ast_79.jpg,S,AstonMartin,79
S_Ast_80.jpg,S,AstonMartin,80
S_Ast_81.jpg,S,AstonMartin,81
S_Ast_82.jpg,S,AstonMartin,82
D_Aud_01.jpg,D,Audi,1
E_Aud_01.jpg,E,Audi,1
E_Aud_02.jpg,E,Audi,2
D_Aud_02.jpg,D,Audi,2
B_Aud_01.jpg,B,Audi,1
B_Aud_02.jpg,B,Audi,2
B_Aud_03.jpg,B,Audi,3
B_Aud_04.jpg,B,Audi,4
B_Aud_05.jpg,B,Audi,5
B_Aud_06.jpg,B,Audi,6
B_Aud_07.jpg,B,Audi,7
B_Aud_08.jpg,B,Audi,8
B_Aud_09.jpg,B,Audi,9
B_Aud_10.jpg,B,Audi,10
B_Aud_11.jpg,B,Audi,11
B_Aud_12.jpg,B,Audi,12
B_Aud_13.jpg,B,Audi,13
B_Aud_14.jpg,B,Audi,14
B_Aud_15.jpg,B,Audi,15
B_Aud_16.jpg,B,Audi,16
C_Aud_01.jpg,C,Audi,1
C_Aud_02.jpg,C,Audi,2
C_Aud_03.jpg,C,Audi,3
C_Aud_04.jpg,C,Audi,4
C_Aud_05.jpg,C,Audi,5
C_Aud_06.jpg,C,Audi,6
C_Aud_07.jpg,C,Audi,7
C_Aud_08.jpg,C,Audi,8
D_Aud_03.jpg,D,Audi,3
J_Aud_01.jpg,J,Audi,1
C_Aud_09.jpg,C,Audi,9
C_Aud_10.jpg,C,Audi,10
C_Aud_11.jpg,C,Audi,11
C_Aud_12.jpg,C,Audi,12
C_Aud_13.jpg,C,Audi,13
C_Aud_14.jpg,C,Audi,14
C_Aud_15.jpg,C,Audi,15
C_Aud_16.jpg,C,Audi,16
C_Aud_17.jpg,C,Audi,17
C_Aud_18.jpg,C,Audi,18
C_Aud_19.jpg,C,Audi,19
C_Aud_20.jpg,C,Audi,20
C_Aud_21.jpg,C,Audi,21
C_Aud_22.jpg,C,Audi,22
C_Aud_23.jpg,C,Audi,23
C_Aud_24.jpg,C,Audi,24
C_Aud_25.jpg,C,Audi,25
D_Aud_04.jpg,D,Audi,4
D_Aud_05.jpg,D,Audi,5
D_Aud_06.jpg,D,Audi,6
D_Aud_07.jpg,D,Audi,7
D_Aud_08.jpg,D,Audi,8
D_Aud_09.jpg,D,Audi,9
D_Aud_10.jpg,D,Audi,10
D_Aud_11.jpg,D,Audi,11
D_Aud_12.jpg,D,Audi,12
D_Aud_13.jpg,D,Audi,13
D_Aud_14.jpg,D,Audi,14
D_Aud_15.jpg,D,Audi,15
D_Aud_16.jpg,D,Audi,16
D_Aud_17.jpg,D,Audi,17
D_Aud_18.jpg,D,Audi,18
D_Aud_19.jpg,D,Audi,19
D_Aud_20.jpg,D,Audi,20
D_Aud_21.jpg,D,Audi,21
D_Aud_22.jpg,D,Audi,22
D_Aud_23.jpg,D,Audi,23
D_Aud_24.jpg,D,Audi,24
D_Aud_25.jpg,D,Audi,25
D_Aud_26.jpg,D,Audi,26
D_Aud_27.jpg,D,Audi,27
D_Aud_28.jpg,D,Audi,28
D_Aud_29.jpg,D,Audi,29
D_Aud_30.jpg,D,Audi,30
D_Aud_31.jpg,D,Audi,31
D_Aud_32.jpg,D,Audi,32
D_Aud_33.jpg,D,Audi,33
D_Aud_34.jpg,D,Audi,34
D_Aud_35.jpg,D,Audi,35
D_Aud_36.jpg,D,Audi,36
D_Aud_37.jpg,D,Audi,37
D_Aud_38.jpg,D,Audi,38
D_Aud_39.jpg,D,Audi,39
D_Aud_40.jpg,D,Audi,40
D_Aud_41.jpg,D,Audi,41
D_Aud_42.jpg,D,Audi,42
D_Aud_43.jpg,D,Audi,43
D_Aud_44.jpg,D,Audi,44
D_Aud_45.jpg,D,Audi,45
D_Aud_46.jpg,D,Audi,46
E_Aud_03.jpg,E,Audi,3
E_Aud_04.jpg,E,Audi,4
E_Aud_05.jpg,E,Audi,5
E_Aud_06.jpg,E,Audi,6
E_Aud_07.jpg,E,Audi,7
E_Aud_08.jpg,E,Audi,8
E_Aud_09.jpg,E,Audi,9
E_Aud_10.jpg,E,Audi,10
E_Aud_11.jpg,E,Audi,11
E_Aud_12.jpg,E,Audi,12
E_Aud_13.jpg,E,Audi,13
E_Aud_14.jpg,E,Audi,14
E_Aud_15.jpg,E,Audi,15
E_Aud_16.jpg,E,Audi,16
E_Aud_17.jpg,E,Audi,17
E_Aud_18.jpg,E,Audi,18
E_Aud_19.jpg,E,Audi,19
E_Aud_20.jpg,E,Audi,20
E_Aud_21.jpg,E,Audi,21
E_Aud_22.jpg,E,Audi,22
E_Aud_23.jpg,E,Audi,23
E_Aud_24.jpg,E,Audi,24
E_Aud_25.jpg,E,Audi,25
E_Aud_26.jpg,E,Audi,26
E_Aud_27.jpg,E,Audi,27
E_Aud_28.jpg,E,Audi,28
E_Aud_29.jpg,E,Audi,29
E_Aud_30.jpg,E,Audi,30
E_Aud_31.jpg,E,Audi,31
E_Aud_32.jpg,E,Audi,32
E_Aud_33.jpg,E,Audi,33
E_Aud_34.jpg,E,Audi,34
E_Aud_35.jpg,E,Audi,35
E_Aud_36.jpg,E,Audi,36
E_Aud_37.jpg,E,Audi,37
E_Aud_38.jpg,E,Audi,38
E_Aud_39.jpg,E,Audi,39
E_Aud_40.jpg,E,Audi,40
E_Aud_41.jpg,E,Audi,41
F_Aud_01.jpg,F,Audi,1
F_Aud_02.jpg,F,Audi,2
F_Aud_03.jpg,F,Audi,3
F_Aud_04.jpg,F,Audi,4
F_Aud_05.jpg,F,Audi,5
F_Aud_06.jpg,F,Audi,6
F_Aud_07.jpg,F,Audi,7
F_Aud_08.jpg,F,Audi,8
F_Aud_09.jpg,F,Audi,9
F_Aud_10.jpg,F,Audi,10
F_Aud_11.jpg,F,Audi,11
F_Aud_12.jpg,F,Audi,12
F_Aud_13.jpg,F,Audi,13
F_Aud_14.jpg,F,Audi,14
F_Aud_15.jpg,F,Audi,15
F_Aud_16.jpg,F,Audi,16
F_Aud_17.jpg,F,Audi,17
F_Aud_18.jpg,F,Audi,18
F_Aud_19.jpg,F,Audi,19
F_Aud_20.jpg,F,Audi,20
C_Aud_26.jpg,C,Audi,26
C_Aud_27.jpg,C,Audi,27
J_Aud_02.jpg,J,Audi,2
J_Aud_03.jpg,J,Audi,3
E_Aud_42.jpg,E,Audi,42
E_Aud_43.jpg,E,Audi,43
E_Aud_44.jpg,E,Audi,44
J_Aud_04.jpg,J,Audi,4
J_Aud_05.jpg,J,Audi,5
J_Aud_06.jpg,J,Audi,6
J_Aud_07.jpg,J,Audi,7
S_Aud_01.jpg,S,Audi,1
S_Aud_02.jpg,S,Audi,2
S_Aud_03.jpg,S,Audi,3
S_Aud_04.jpg,S,Audi,4
S_Aud_05.jpg,S,Audi,5
S_Aud_06.jpg,S,Audi,6
B_Aud_17.jpg,B,Audi,17
B_Aud_18.jpg,B,Audi,18
S_Aud_07.jpg,S,Audi,7
S_Aud_08.jpg,S,Audi,8
J_Aud_08.jpg,J,Audi,8
F_Aud_21.jpg,F,Audi,21
F_Aud_22.jpg,F,Audi,22
J_Aud_09.jpg,J,Audi,9
J_Aud_10.jpg,J,Audi,10
J_Aud_11.jpg,J,Audi,11
J_Aud_12.jpg,J,Audi,12
J_Aud_13.jpg,J,Audi,13
J_Aud_14.jpg,J,Audi,14
J_Aud_15.jpg,J,Audi,15
J_Aud_16.jpg,J,Audi,16
J_Aud_17.jpg,J,Audi,17
J_Aud_18.jpg,J,Audi,18
J_Aud_19.jpg,J,Audi,19
J_Aud_20.jpg,J,Audi,20
J_Aud_21.jpg,J,Audi,21
J_Aud_22.jpg,J,Audi,22
J_Aud_23.jpg,J,Audi,23
J_Aud_24.jpg,J,Audi,24
J_Aud_25.jpg,J,Audi,25
J_Aud_26.jpg,J,Audi,26
J_Aud_27.jpg,J,Audi,27
J_Aud_28.jpg,J,Audi,28
J_Aud_29.jpg,J,Audi,29
J_Aud_30.jpg,J,Audi,30
J_Aud_31.jpg,J,Audi,31
J_Aud_32.jpg,J,Audi,32
J_Aud_33.jpg,J,Audi,33
J_Aud_34.jpg,J,Audi,34
J_Aud_35.jpg,J,Audi,35
J_Aud_36.jpg,J,Audi,36
J_Aud_37.jpg,J,Audi,37
J_Aud_38.jpg,J,Audi,38
J_Aud_39.jpg,J,Audi,39
S_Aud_09.jpg,S,Audi,9
S_Aud_10.jpg,S,Audi,10
S_Aud_11.jpg,S,Audi,11
S_Aud_12.jpg,S,Audi,12
S_Aud_13.jpg,S,Audi,13
S_Aud_14.jpg,S,Audi,14
S_Aud_15.jpg,S,Audi,15
S_Aud_16.jpg,S,Audi,16
S_Aud_17.jpg,S,Audi,17
S_Aud_18.jpg,S,Audi,18
S_Aud_19.jpg,S,Audi,19
S_Aud_20.jpg,S,Audi,20
S_Aud_21.jpg,S,Audi,21
S_Aud_22.jpg,S,Audi,22
S_Aud_23.jpg,S,Audi,23
S_Aud_24.jpg,S,Audi,24
S_Aud_25.jpg,S,Audi,25
S_Aud_26.jpg,S,Audi,26
S_Aud_27.jpg,S,Audi,27
S_Ben_01.jpg,S,Bentley,1
S_Ben_02.jpg,S,Bentley,2
S_Ben_03.jpg,S,Bentley,3
S_Ben_04.jpg,S,Bentley,4
S_Ben_05.jpg,S,Bentley,5
J_Ben_01.jpg,J,Bentley,1
J_Ben_02.jpg,J,Bentley,2
J_Ben_03.jpg,J,Bentley,3
F_Ben_01.jpg,F,Bentley,1
F_Ben_02.jpg,F,Bentley,2
S_Ben_06.jpg,S,Bentley,6
S_Ben_07.jpg,S,Bentley,7
S_Ben_08.jpg,S,Bentley,8
S_Ben_09.jpg,S,Bentley,9
S_Ben_10.jpg,S,Bentley,10
S_Ben_11.jpg,S,Bentley,11
S_Ben_12.jpg,S,Bentley,12
S_Ben_13.jpg,S,Bentley,13
S_Ben_14.jpg,S,Bentley,14
C_Bmw_01.jpg,C,BMW,1
C_Bmw_02.jpg,C,BMW,2
C_Bmw_03.jpg,C,BMW,3
C_Bmw_04.jpg,C,BMW,4
C_Bmw_05.jpg,C,BMW,5
C_Bmw_06.jpg,C,BMW,6
C_Bmw_07.jpg,C,BMW,7
C_Bmw_08.jpg,C,BMW,8
C_Bmw_09.jpg,C,BMW,9
C_Bmw_10.jpg,C,BMW,10
C_Bmw_11.jpg,C,BMW,11
C_Bmw_12.jpg,C,BMW,12
C_Bmw_13.jpg,C,BMW,13
C_Bmw_14.jpg,C,BMW,14
C_Bmw_15.jpg,C,BMW,15
C_Bmw_16.jpg,C,BMW,16
C_Bmw_17.jpg,C,BMW,17
M_Bmw_01.jpg,M,BMW,1
M_Bmw_02.jpg,M,BMW,2
M_Bmw_03.jpg,M,BMW,3
M_Bmw_04.jpg,M,BMW,4
M_Bmw_05.jpg,M,BMW,5
C_Bmw_18.jpg,C,BMW,18
C_Bmw_19.jpg,C,BMW,19
C_Bmw_20.jpg,C,BMW,20
C_Bmw_21.jpg,C,BMW,21
C_Bmw_22.jpg,C,BMW,22
C_Bmw_23.jpg,C,BMW,23
M_Bmw_06.jpg,M,BMW,6
M_Bmw_07.jpg,M,BMW,7
C_Bmw_24.jpg,C,BMW,24
C_Bmw_25.jpg,C,BMW,25
C_Bmw_26.jpg,C,BMW,26
C_Bmw_27.jpg,C,BMW,27
S_Bmw_01.jpg,S,BMW,1
D_Bmw_01.jpg,D,BMW,1
D_Bmw_02.jpg,D,BMW,2
D_Bmw_03.jpg,D,BMW,3
D_Bmw_04.jpg,D,BMW,4
D_Bmw_05.jpg,D,BMW,5
D_Bmw_06.jpg,D,BMW,6
D_Bmw_07.jpg,D,BMW,7
D_Bmw_08.jpg,D,BMW,8
D_Bmw_09.jpg,D,BMW,9
D_Bmw_10.jpg,D,BMW,10
D_Bmw_11.jpg,D,BMW,11
D_Bmw_12.jpg,D,BMW,12
D_Bmw_13.jpg,D,BMW,13
D_Bmw_14.jpg,D,BMW,14
D_Bmw_15.jpg,D,BMW,15
D_Bmw_16.jpg,D,BMW,16
D_Bmw_17.jpg,D,BMW,17
D_Bmw_18.jpg,D,BMW,18
D_Bmw_19.jpg,D,BMW,19
D_Bmw_20.jpg,D,BMW,20
D_Bmw_21.jpg,D,BMW,21
D_Bmw_22.jpg,D,BMW,22
D_Bmw_23.jpg,D,BMW,23
D_Bmw_24.jpg,D,BMW,24
D_Bmw_25.jpg,D,BMW,25
D_Bmw_26.jpg,D,BMW,26
D_Bmw_27.jpg,D,BMW,27
D_Bmw_28.jpg,D,BMW,28
D_Bmw_29.jpg,D,BMW,29
D_Bmw_30.jpg,D,BMW,30
D_Bmw_31.jpg,D,BMW,31
D_Bmw_32.jpg,D,BMW,32
D_Bmw_33.jpg,D,BMW,33
D_Bmw_34.jpg,D,BMW,34
D_Bmw_35.jpg,D,BMW,35
D_Bmw_36.jpg,D,BMW,36
D_Bmw_37.jpg,D,BMW,37
D_Bmw_38.jpg,D,BMW,38
D_Bmw_39.jpg,D,BMW,39
D_Bmw_40.jpg,D,BMW,40
D_Bmw_41.jpg,D,BMW,41
D_Bmw_42.jpg,D,BMW,42
D_Bmw_43.jpg,D,BMW,43
D_Bmw_44.jpg,D,BMW,44
D_Bmw_45.jpg,D,BMW,45
D_Bmw_46.jpg,D,BMW,46
D_Bmw_47.jpg,D,BMW,47
D_Bmw_48.jpg,D,BMW,48
D_Bmw_49.jpg,D,BMW,49
D_Bmw_50.jpg,D,BMW,50
D_Bmw_51.jpg,D,BMW,51
D_Bmw_52.jpg,D,BMW,52
D_Bmw_53.jpg,D,BMW,53
D_Bmw_54.jpg,D,BMW,54
D_Bmw_55.jpg,D,BMW,55
E_Bmw_01.jpg,E,BMW,1
E_Bmw_02.jpg,E,BMW,2
E_Bmw_03.jpg,E,BMW,3
E_Bmw_04.jpg,E,BMW,4
E_Bmw_05.jpg,E,BMW,5
E_Bmw_06.jpg,E,BMW,6
E_Bmw_07.jpg,E,BMW,7
E_Bmw_08.jpg,E,BMW,8
E_Bmw_09.jpg,E,BMW,9
E_Bmw_10.jpg,E,BMW,10
E_Bmw_11.jpg,E,BMW,11
E_Bmw_12.jpg,E,BMW,12
E_Bmw_13.jpg,E,BMW,13
E_Bmw_14.jpg,E,BMW,14
E_Bmw_15.jpg,E,BMW,15
E_Bmw_16.jpg,E,BMW,16
E_Bmw_17.jpg,E,BMW,17
E_Bmw_18.jpg,E,BMW,18
E_Bmw_19.jpg,E,BMW,19
S_Bmw_02.jpg,S,BMW,2
S_Bmw_03.jpg,S,BMW,3
S_Bmw_04.jpg,S,BMW,4
S_Bmw_05.jpg,S,BMW,5
S_Bmw_06.jpg,S,BMW,6
S_Bmw_07.jpg,S,BMW,7
S_Bmw_08.jpg,S,BMW,8
S_Bmw_09.jpg,S,BMW,9
S_Bmw_10.jpg,S,BMW,10
S_Bmw_11.jpg,S,BMW,11
S_Bmw_12.jpg,S,BMW,12
S_Bmw_13.jpg,S,BMW,13
S_Bmw_14.jpg,S,BMW,14
S_Bmw_15.jpg,S,BMW,15
S_Bmw_16.jpg,S,BMW,16
S_Bmw_17.jpg,S,BMW,17
S_Bmw_18.jpg,S,BMW,18
S_Bmw_19.jpg,S,BMW,19
S_Bmw_20.jpg,S,BMW,20
S_Bmw_21.jpg,S,BMW,21
S_Bmw_22.jpg,S,BMW,22
E_Bmw_20.jpg,E,BMW,20
S_Bmw_23.jpg,S,BMW,23
S_Bmw_24.jpg,S,BMW,24
E_Bmw_21.jpg,E,BMW,21
E_Bmw_22.jpg,E,BMW,22
E_Bmw_23.jpg,E,BMW,23
S_Bmw_25.jpg,S,BMW,25
J_Che_01.jpg,J,Chevloret,1
J_Che_02.jpg,J,Chevloret,2
B_Che_01.jpg,B,Chevloret,1
D_Che_01.jpg,D,Chevloret,1
D_Che_02.jpg,D,Chevloret,2
D_Che_03.jpg,D,Chevloret,3
D_Che_04.jpg,D,Chevloret,4
D_Che_05.jpg,D,Chevloret,5
D_Che_06.jpg,D,Chevloret,6
D_Che_07.jpg,D,Chevloret,7
S_Che_01.jpg,S,Chevloret,1
D_Che_08.jpg,D,Chevloret,8
D_Che_09.jpg,D,Chevloret,9
D_Che_10.jpg,D,Chevloret,10
D_Che_11.jpg,D,Chevloret,11
D_Che_12.jpg,D,Chevloret,12
D_Che_13.jpg,D,Chevloret,13
D_Chr_01.jpg,D,Chrysler,1
D_Chr_02.jpg,D,Chrysler,2
D_Chr_03.jpg,D,Chrysler,3
E_Chr_01.jpg,E,Chrysler,1
E_Chr_02.jpg,E,Chrysler,2
E_Chr_03.jpg,E,Chrysler,3
E_Chr_04.jpg,E,Chrysler,4
E_Chr_05.jpg,E,Chrysler,5
E_Chr_06.jpg,E,Chrysler,6
E_Chr_07.jpg,E,Chrysler,7
E_Chr_08.jpg,E,Chrysler,8
E_Chr_09.jpg,E,Chrysler,9
B_Chr_01.jpg,B,Chrysler,1
J_Cit_01.jpg,J,Citroen,1
M_Cit_02.jpg,M,Citroen,2
M_Cit_03.jpg,M,Citroen,3
D_Cit_01.jpg,D,Citroen,1
D_Cit_02.jpg,D,Citroen,2
C_Cit_01.jpg,C,Citroen,1
C_Cit_02.jpg,C,Citroen,2
A_Cit_01.jpg,A,Citroen,1
B_Cit_01.jpg,B,Citroen,1
B_Cit_02.jpg,B,Citroen,2
M_Cit_04.jpg,M,Citroen,4
J_Cit_05.jpg,J,Citroen,5
E_Cit_01.jpg,E,Citroen,1
S_Fer_01.jpg,S,Ferrari,1
S_Fer_02.jpg,S,Ferrari,2
S_Fer_03.jpg,S,Ferrari,3
S_Fer_04.jpg,S,Ferrari,4
S_Fer_05.jpg,S,Ferrari,5
S_Fer_06.jpg,S,Ferrari,6
S_Fer_07.jpg,S,Ferrari,7
S_Fer_08.jpg,S,Ferrari,8
S_Fer_09.jpg,S,Ferrari,9
S_Fer_10.jpg,S,Ferrari,10
S_Fer_11.jpg,S,Ferrari,11
S_Fer_12.jpg,S,Ferrari,12
S_Fer_13.jpg,S,Ferrari,13
S_Fer_14.jpg,S,Ferrari,14
S_Fer_15.jpg,S,Ferrari,15
S_Fer_16.jpg,S,Ferrari,16
S_Fer_17.jpg,S,Ferrari,17
S_Fer_18.jpg,S,Ferrari,18
S_Fer_19.jpg,S,Ferrari,19
S_Fer_20.jpg,S,Ferrari,20
S_Fer_21.jpg,S,Ferrari,21
S_Fia_01.jpg,S,Fiat,1
S_Fia_02.jpg,S,Fiat,2
S_Fia_03.jpg,S,Fiat,3
A_Fia_01.jpg,A,Fiat,1
A_Fia_02.jpg,A,Fiat,2
A_Fia_03.jpg,A,Fiat,3
A_Fia_04.jpg,A,Fiat,4
A_Fia_05.jpg,A,Fiat,5
A_Fia_06.jpg,A,Fiat,6
M_For_01.jpg,M,Ford,1
M_For_02.jpg,M,Ford,2
J_For_03.jpg,J,Ford,3
J_For_04.jpg,J,Ford,4
M_For_05.jpg,M,Ford,5
M_For_06.jpg,M,Ford,6
M_For_07.jpg,M,Ford,7
M_For_08.jpg,M,Ford,8
M_For_09.jpg,M,Ford,9
M_For_10.jpg,M,Ford,10
M_For_11.jpg,M,Ford,11
M_For_12.jpg,M,Ford,12
E_For_01.jpg,E,Ford,1
J_For_13.jpg,J,Ford,13
J_For_14.jpg,J,Ford,14
J_For_15.jpg,J,Ford,15
J_For_16.jpg,J,Ford,16
J_For_17.jpg,J,Ford,17
J_For_18.jpg,J,Ford,18
J_For_19.jpg,J,Ford,19
J_For_20.jpg,J,Ford,20
J_For_21.jpg,J,Ford,21
J_For_22.jpg,J,Ford,22
C_For_01.jpg,C,Ford,1
C_For_02.jpg,C,Ford,2
J_For_23.jpg,J,Ford,23
J_For_24.jpg,J,Ford,24
J_For_25.jpg,J,Ford,25
J_For_26.jpg,J,Ford,26
J_For_27.jpg,J,Ford,27
J_For_28.jpg,J,Ford,28
J_For_29.jpg,J,Ford,29
J_For_30.jpg,J,Ford,30
J_For_31.jpg,J,Ford,31
J_For_32.jpg,J,Ford,32
J_For_33.jpg,J,Ford,33
P_For_34.jpg,P,Ford,34
P_For_35.jpg,P,Ford,35
P_For_36.jpg,P,Ford,36
P_For_37.jpg,P,Ford,37
P_For_38.jpg,P,Ford,38
P_For_39.jpg,P,Ford,39
P_For_40.jpg,P,Ford,40
P_For_41.jpg,P,Ford,41
P_For_42.jpg,P,Ford,42
P_For_43.jpg,P,Ford,43
P_For_44.jpg,P,Ford,44
P_For_45.jpg,P,Ford,45
P_For_46.jpg,P,Ford,46
P_For_47.jpg,P,Ford,47
P_For_48.jpg,P,Ford,48
J_GMC_01.jpg,J,GMC,1
J_GMC_02.jpg,J,GMC,2
J_GMC_03.jpg,J,GMC,3
P_GMC_04.jpg,P,GMC,4
M_GMC_05.jpg,M,GMC,5
J_GMC_06.jpg,J,GMC,6
P_GMC_07.jpg,P,GMC,7
P_GMC_08.jpg,P,GMC,8
P_GMC_09.jpg,P,GMC,9
P_GMC_10.jpg,P,GMC,10
P_GMC_11.jpg,P,GMC,11
P_GMC_12.jpg,P,GMC,12
J_GMC_13.jpg,J,GMC,13
J_GMC_14.jpg,J,GMC,14
D_Hon_01.jpg,D,Honda,1
D_Hon_02.jpg,D,Honda,2
D_Hon_03.jpg,D,Honda,3
D_Hon_04.jpg,D,Honda,4
D_Hon_05.jpg,D,Honda,5
D_Hon_06.jpg,D,Honda,6
D_Hon_07.jpg,D,Honda,7
D_Hon_08.jpg,D,Honda,8
D_Hon_09.jpg,D,Honda,9
D_Hon_10.jpg,D,Honda,10
D_Hon_11.jpg,D,Honda,11
D_Hon_12.jpg,D,Honda,12
D_Hon_13.jpg,D,Honda,13
D_Hon_14.jpg,D,Honda,14
D_Hon_15.jpg,D,Honda,15
D_Hon_16.jpg,D,Honda,16
C_Hon_01.jpg,C,Honda,1
D_Hon_17.jpg,D,Honda,17
D_Hon_18.jpg,D,Honda,18
D_Hon_19.jpg,D,Honda,19
D_Hon_20.jpg,D,Honda,20
C_Hon_02.jpg,C,Honda,2
D_Hon_21.jpg,D,Honda,21
D_Hon_22.jpg,D,Honda,22
D_Hon_23.jpg,D,Honda,23
D_Hon_24.jpg,D,Honda,24
D_Hon_25.jpg,D,Honda,25
D_Hon_26.jpg,D,Honda,26
J_Hum_01.jpg,J,Hummer,1
J_Hum_02.jpg,J,Hummer,2
J_Hum_03.jpg,J,Hummer,3
P_Hum_04.jpg,P,Hummer,4
P_Hum_05.jpg,P,Hummer,5
J_Hum_06.jpg,J,Hummer,6
J_Hum_07.jpg,J,Hummer,7
B_Hyu_01.jpg,B,Hyundai,1
B_Hyu_02.jpg,B,Hyundai,2
B_Hyu_03.jpg,B,Hyundai,3
B_Hyu_04.jpg,B,Hyundai,4
B_Hyu_05.jpg,B,Hyundai,5
E_Hyu_01.jpg,E,Hyundai,1
E_Hyu_02.jpg,E,Hyundai,2
D_Hyu_01.jpg,D,Hyundai,1
C_Hyu_01.jpg,C,Hyundai,1
C_Hyu_02.jpg,C,Hyundai,2
C_Hyu_03.jpg,C,Hyundai,3
C_Hyu_04.jpg,C,Hyundai,4
C_Hyu_05.jpg,C,Hyundai,5
C_Hyu_06.jpg,C,Hyundai,6
C_Hyu_07.jpg,C,Hyundai,7
C_Hyu_08.jpg,C,Hyundai,8
C_Hyu_09.jpg,C,Hyundai,9
F_Hyu_01.jpg,F,Hyundai,1
F_Hyu_02.jpg,F,Hyundai,2
S_Hyu_01.jpg,S,Hyundai,1
S_Hyu_02.jpg,S,Hyundai,2
S_Hyu_03.jpg,S,Hyundai,3
S_Hyu_04.jpg,S,Hyundai,4
D_Gen_01.jpg,D,Genesis,1
D_Gen_02.jpg,D,Genesis,2
E_Gen_01.jpg,E,Genesis,1
E_Gen_02.jpg,E,Genesis,2
E_Gen_03.jpg,E,Genesis,3
E_Gen_04.jpg,E,Genesis,4
E_Gen_05.jpg,E,Genesis,5
E_Gen_06.jpg,E,Genesis,6
E_Gen_07.jpg,E,Genesis,7
F_Gen_01.jpg,F,Genesis,1
F_Gen_02.jpg,F,Genesis,2
E_Gen_08.jpg,E,Genesis,8
E_Gen_09.jpg,E,Genesis,9
E_Gen_10.jpg,E,Genesis,10
E_Gen_11.jpg,E,Genesis,11
E_Gen_12.jpg,E,Genesis,12
E_Gen_13.jpg,E,Genesis,13
E_Gen_14.jpg,E,Genesis,14
A_Hyu_01.jpg,A,Hyundai,1
A_Hyu_02.jpg,A,Hyundai,2
M_Hyu_01.jpg,M,Hyundai,1
J_Hyu_02.jpg,J,Hyundai,2
J_Hyu_03.jpg,J,Hyundai,3
M_Hyu_04.jpg,M,Hyundai,4
C_Hyu_10.jpg,C,Hyundai,10
A_Hyu_03.jpg,A,Hyundai,3
A_Hyu_04.jpg,A,Hyundai,4
A_Hyu_05.jpg,A,Hyundai,5
A_Hyu_06.jpg,A,Hyundai,6
A_Hyu_07.jpg,A,Hyundai,7
A_Hyu_08.jpg,A,Hyundai,8
A_Hyu_09.jpg,A,Hyundai,9
A_Hyu_10.jpg,A,Hyundai,10
A_Hyu_11.jpg,A,Hyundai,11
A_Hyu_12.jpg,A,Hyundai,12
B_Hyu_06.jpg,B,Hyundai,6
B_Hyu_07.jpg,B,Hyundai,7
B_Hyu_08.jpg,B,Hyundai,8
B_Hyu_09.jpg,B,Hyundai,9
B_Hyu_10.jpg,B,Hyundai,10
B_Hyu_11.jpg,B,Hyundai,11
B_Hyu_12.jpg,B,Hyundai,12
B_Hyu_13.jpg,B,Hyundai,13
B_Hyu_14.jpg,B,Hyundai,14
B_Hyu_15.jpg,B,Hyundai,15
B_Hyu_16.jpg,B,Hyundai,16
B_Hyu_17.jpg,B,Hyundai,17
B_Hyu_18.jpg,B,Hyundai,18
C_Hyu_11.jpg,C,Hyundai,11
C_Hyu_12.jpg,C,Hyundai,12
C_Hyu_13.jpg,C,Hyundai,13
C_Hyu_14.jpg,C,Hyundai,14
C_Hyu_15.jpg,C,Hyundai,15
C_Hyu_16.jpg,C,Hyundai,16
C_Hyu_17.jpg,C,Hyundai,17
C_Hyu_18.jpg,C,Hyundai,18
C_Hyu_19.jpg,C,Hyundai,19
C_Hyu_20.jpg,C,Hyundai,20
C_Hyu_21.jpg,C,Hyundai,21
C_Hyu_22.jpg,C,Hyundai,22
C_Hyu_23.jpg,C,Hyundai,23
C_Hyu_24.jpg,C,Hyundai,24
C_Hyu_25.jpg,C,Hyundai,25
C_Hyu_26.jpg,C,Hyundai,26
C_Hyu_27.jpg,C,Hyundai,27
C_Hyu_28.jpg,C,Hyundai,28
C_Hyu_29.jpg,C,Hyundai,29
C_Hyu_30.jpg,C,Hyundai,30
D_Hyu_02.jpg,D,Hyundai,2
D_Hyu_03.jpg,D,Hyundai,3
D_Hyu_04.jpg,D,Hyundai,4
D_Hyu_05.jpg,D,Hyundai,5
D_Hyu_06.jpg,D,Hyundai,6
D_Hyu_07.jpg,D,Hyundai,7
D_Hyu_08.jpg,D,Hyundai,8
D_Hyu_09.jpg,D,Hyundai,9
M_Hyu_05.jpg,M,Hyundai,5
J_Hyu_06.jpg,J,Hyundai,6
C_Hyu_31.jpg,C,Hyundai,31
M_Hyu_07.jpg,M,Hyundai,7
J_Hyu_08.jpg,J,Hyundai,8
J_Hyu_09.jpg,J,Hyundai,9
J_Hyu_10.jpg,J,Hyundai,10
J_Hyu_11.jpg,J,Hyundai,11
J_Hyu_12.jpg,J,Hyundai,12
J_Hyu_13.jpg,J,Hyundai,13
S_Jag_01.jpg,S,Jaguar,1
S_Jag_02.jpg,S,Jaguar,2
S_Jag_03.jpg,S,Jaguar,3
J_Jee_01.jpg,J,Jeep,1
J_Jee_02.jpg,J,Jeep,2
J_Jee_03.jpg,J,Jeep,3
J_Jee_04.jpg,J,Jeep,4
J_Jee_05.jpg,J,Jeep,5
J_Jee_06.jpg,J,Jeep,6
J_Jee_07.jpg,J,Jeep,7
J_Jee_08.jpg,J,Jeep,8
P_Jee_09.jpg,P,Jeep,9
P_Jee_10.jpg,P,Jeep,10
P_Jee_11.jpg,P,Jeep,11
J_Jee_12.jpg,J,Jeep,12
J_Jee_13.jpg,J,Jeep,13
J_Jee_14.jpg,J,Jeep,14
J_Jee_15.jpg,J,Jeep,15
J_Jee_16.jpg,J,Jeep,16
J_Jee_17.jpg,J,Jeep,17
J_Jee_18.jpg,J,Jeep,18
J_Jee_19.jpg,J,Jeep,19
J_Jee_20.jpg,J,Jeep,20
J_Jee_21.jpg,J,Jeep,21
J_Jee_22.jpg,J,Jeep,22
J_Jee_23.jpg,J,Jeep,23
J_Jee_24.jpg,J,Jeep,24
J_Jee_25.jpg,J,Jeep,25
J_Jee_26.jpg,J,Jeep,26
J_Jee_27.jpg,J,Jeep,27
J_Jee_28.jpg,J,Jeep,28
J_Jee_29.jpg,J,Jeep,29
J_Jee_30.jpg,J,Jeep,30
J_Jee_31.jpg,J,Jeep,31
J_Jee_32.jpg,J,Jeep,32
J_Kia_01.jpg,J,Kia,1
E_Kia_01.jpg,E,Kia,1
E_Kia_02.jpg,E,Kia,2
C_Kia_01.jpg,C,Kia,1
C_Kia_02.jpg,C,Kia,2
C_Kia_03.jpg,C,Kia,3
C_Kia_04.jpg,C,Kia,4
C_Kia_05.jpg,C,Kia,5
C_Kia_06.jpg,C,Kia,6
C_Kia_07.jpg,C,Kia,7
C_Kia_08.jpg,C,Kia,8
C_Kia_09.jpg,C,Kia,9
C_Kia_10.jpg,C,Kia,10
C_Kia_11.jpg,C,Kia,11
C_Kia_12.jpg,C,Kia,12
C_Kia_13.jpg,C,Kia,13
C_Kia_14.jpg,C,Kia,14
C_Kia_15.jpg,C,Kia,15
C_Kia_16.jpg,C,Kia,16
C_Kia_17.jpg,C,Kia,17
C_Kia_18.jpg,C,Kia,18
C_Kia_19.jpg,C,Kia,19
C_Kia_20.jpg,C,Kia,20
C_Kia_21.jpg,C,Kia,21
C_Kia_22.jpg,C,Kia,22
C_Kia_23.jpg,C,Kia,23
C_Kia_24.jpg,C,Kia,24
C_Kia_25.jpg,C,Kia,25
C_Kia_26.jpg,C,Kia,26
E_Kia_03.jpg,E,Kia,3
S_Kia_01.jpg,S,Kia,1
J_Lan_01.jpg,J,LandRover,1
J_Lan_02.jpg,J,LandRover,2
J_Lan_03.jpg,J,LandRover,3
J_Lan_04.jpg,J,LandRover,4
J_Lan_05.jpg,J,LandRover,5
J_Lan_06.jpg,J,LandRover,6
J_Lan_07.jpg,J,LandRover,7
J_Lan_08.jpg,J,LandRover,8
J_Lan_09.jpg,J,LandRover,9
J_Lan_10.jpg,J,LandRover,10
J_Lan_11.jpg,J,LandRover,11
J_Lan_12.jpg,J,LandRover,12
J_Lan_13.jpg,J,LandRover,13
J_Lan_14.jpg,J,LandRover,14
J_Lan_15.jpg,J,LandRover,15
J_Lan_16.jpg,J,LandRover,16
J_Lan_17.jpg,J,LandRover,17
J_Lan_18.jpg,J,LandRover,18
J_Lan_19.jpg,J,LandRover,19
J_Lan_20.jpg,J,LandRover,20
J_Lan_21.jpg,J,LandRover,21
J_Lan_22.jpg,J,LandRover,22
J_Lan_23.jpg,J,LandRover,23
J_Lan_24.jpg,J,LandRover,24
J_Lan_25.jpg,J,LandRover,25
J_Lan_26.jpg,J,LandRover,26
J_Lan_27.jpg,J,LandRover,27
J_Lan_28.jpg,J,LandRover,28
J_Lan_29.jpg,J,LandRover,29
J_Lan_30.jpg,J,LandRover,30
J_Lan_31.jpg,J,LandRover,31
J_Lan_32.jpg,J,LandRover,32
J_Lan_33.jpg,J,LandRover,33
J_Lan_34.jpg,J,LandRover,34
J_Lan_35.jpg,J,LandRover,35
J_Lan_36.jpg,J,LandRover,36
J_Lan_37.jpg,J,LandRover,37
J_Lan_38.jpg,J,LandRover,38
J_Lan_39.jpg,J,LandRover,39
J_Lan_40.jpg,J,LandRover,40
J_Lan_41.jpg,J,LandRover,41
J_Lan_42.jpg,J,LandRover,42
J_Lan_43.jpg,J,LandRover,43
J_Lan_44.jpg,J,LandRover,44
J_Lan_45.jpg,J,LandRover,45
J_Lan_46.jpg,J,LandRover,46
J_Lan_47.jpg,J,LandRover,47
J_Lan_48.jpg,J,LandRover,48
J_Lan_49.jpg,J,LandRover,49
J_Lan_50.jpg,J,LandRover,50
J_Lan_51.jpg,J,LandRover,51
J_Lan_52.jpg,J,LandRover,52
J_Lan_53.jpg,J,LandRover,53
J_Lan_54.jpg,J,LandRover,54
J_Lan_55.jpg,J,LandRover,55
J_Lan_56.jpg,J,LandRover,56
J_Lan_57.jpg,J,LandRover,57
C_Lex_01.jpg,C,Lexus,1
C_Lex_02.jpg,C,Lexus,2
C_Lex_03.jpg,C,Lexus,3
D_Lex_01.jpg,D,Lexus,1
D_Lex_02.jpg,D,Lexus,2
E_Lex_01.jpg,E,Lexus,1
E_Lex_02.jpg,E,Lexus,2
E_Lex_03.jpg,E,Lexus,3
E_Lex_04.jpg,E,Lexus,4
E_Lex_05.jpg,E,Lexus,5
E_Lex_06.jpg,E,Lexus,6
E_Lex_07.jpg,E,Lexus,7
E_Lex_08.jpg,E,Lexus,8
E_Lex_09.jpg,E,Lexus,9
E_Lex_10.jpg,E,Lexus,10
E_Lex_11.jpg,E,Lexus,11
E_Lex_12.jpg,E,Lexus,12
E_Lex_13.jpg,E,Lexus,13
E_Lex_14.jpg,E,Lexus,14
E_Lex_15.jpg,E,Lexus,15
E_Lex_16.jpg,E,Lexus,16
E_Lex_17.jpg,E,Lexus,17
E_Lex_18.jpg,E,Lexus,18
J_Lex_01.jpg,J,Lexus,1
J_Lex_02.jpg,J,Lexus,2
J_Lex_03.jpg,J,Lexus,3
D_Lex_03.jpg,D,Lexus,3
D_Lex_04.jpg,D,Lexus,4
D_Lex_05.jpg,D,Lexus,5
D_Lex_06.jpg,D,Lexus,6
D_Lex_07.jpg,D,Lexus,7
D_Lex_08.jpg,D,Lexus,8
D_Lex_09.jpg,D,Lexus,9
D_Lex_10.jpg,D,Lexus,10
D_Lex_11.jpg,D,Lexus,11
S_Lex_01.jpg,S,Lexus,1
F_Lex_01.jpg,F,Lexus,1
S_Lex_02.jpg,S,Lexus,2
S_Lex_03.jpg,S,Lexus,3
S_Lex_04.jpg,S,Lexus,4
S_Lex_05.jpg,S,Lexus,5
C_Lex_04.jpg,C,Lexus,4
C_Lex_05.jpg,C,Lexus,5
C_Lex_06.jpg,C,Lexus,6
C_Lex_07.jpg,C,Lexus,7
C_Lex_08.jpg,C,Lexus,8
C_Lex_09.jpg,C,Lexus,9
C_Lex_10.jpg,C,Lexus,10
D_Lex_12.jpg,D,Lexus,12
D_Lex_13.jpg,D,Lexus,13
D_Lex_14.jpg,D,Lexus,14
S_Lex_06.jpg,S,Lexus,6
S_Lex_07.jpg,S,Lexus,7
S_Lex_08.jpg,S,Lexus,8
S_Lex_09.jpg,S,Lexus,9
J_Lex_04.jpg,J,Lexus,4
J_Lex_05.jpg,J,Lexus,5
S_Lex_10.jpg,S,Lexus,10
S_Lex_11.jpg,S,Lexus,11
F_Lex_02.jpg,F,Lexus,2
E_Lex_19.jpg,E,Lexus,19
E_Lex_20.jpg,E,Lexus,20
F_Lex_03.jpg,F,Lexus,3
J_Lex_06.jpg,J,Lexus,6
S_Lex_12.jpg,S,Lexus,12
S_Lex_13.jpg,S,Lexus,13
S_Lex_14.jpg,S,Lexus,14
S_Lex_15.jpg,S,Lexus,15
S_Lex_16.jpg,S,Lexus,16
S_Lex_17.jpg,S,Lexus,17
J_Lex_07.jpg,J,Lexus,7
J_Lex_08.jpg,J,Lexus,8
J_Lex_09.jpg,J,Lexus,9
J_Lex_10.jpg,J,Lexus,10
J_Lex_11.jpg,J,Lexus,11
J_Lex_12.jpg,J,Lexus,12
J_Lex_13.jpg,J,Lexus,13
S_Mas_01.jpg,S,Maserati,1
S_Mas_02.jpg,S,Maserati,2
S_Mas_03.jpg,S,Maserati,3
S_Mas_04.jpg,S,Maserati,4
E_Mas_01.jpg,E,Maserati,1
E_Mas_02.jpg,E,Maserati,2
S_Mas_05.jpg,S,Maserati,5
S_Mas_06.jpg,S,Maserati,6
S_Mas_07.jpg,S,Maserati,7
S_Mas_08.jpg,S,Maserati,8
S_Mas_09.jpg,S,Maserati,9
S_Mas_10.jpg,S,Maserati,10
S_Mas_11.jpg,S,Maserati,11
S_Mas_12.jpg,S,Maserati,12
S_Mas_13.jpg,S,Maserati,13
J_Mas_01.jpg,J,Maserati,1
J_Mas_02.jpg,J,Maserati,2
J_Mas_03.jpg,J,Maserati,3
S_Mas_14.jpg,S,Maserati,14
S_Mas_15.jpg,S,Maserati,15
B_Maz_01.jpg,B,Mazda,1
B_Maz_02.jpg,B,Mazda,2
B_Maz_03.jpg,B,Mazda,3
B_Maz_04.jpg,B,Mazda,4
B_Maz_05.jpg,B,Mazda,5
B_Maz_06.jpg,B,Mazda,6
B_Maz_07.jpg,B,Mazda,7
B_Maz_08.jpg,B,Mazda,8
C_Maz_01.jpg,C,Mazda,1
C_Maz_02.jpg,C,Mazda,2
C_Maz_03.jpg,C,Mazda,3
C_Maz_04.jpg,C,Mazda,4
C_Maz_05.jpg,C,Mazda,5
C_Maz_06.jpg,C,Mazda,6
C_Maz_07.jpg,C,Mazda,7
C_Maz_08.jpg,C,Mazda,8
C_Maz_09.jpg,C,Mazda,9
C_Maz_10.jpg,C,Mazda,10
C_Maz_11.jpg,C,Mazda,11
C_Maz_12.jpg,C,Mazda,12
C_Maz_13.jpg,C,Mazda,13
C_Maz_14.jpg,C,Mazda,14
C_Maz_15.jpg,C,Mazda,15
C_Maz_16.jpg,C,Mazda,16
C_Maz_17.jpg,C,Mazda,17
C_Maz_18.jpg,C,Mazda,18
C_Maz_19.jpg,C,Mazda,19
C_Maz_20.jpg,C,Mazda,20
C_Maz_21.jpg,C,Mazda,21
C_Maz_22.jpg,C,Mazda,22
M_Maz_01.jpg,M,Mazda,1
M_Maz_02.jpg,M,Mazda,2
M_Maz_03.jpg,M,Mazda,3
M_Maz_04.jpg,M,Mazda,4
M_Maz_05.jpg,M,Mazda,5
D_Maz_01.jpg,D,Mazda,1
D_Maz_02.jpg,D,Mazda,2
D_Maz_03.jpg,D,Mazda,3
D_Maz_04.jpg,D,Mazda,4
D_Maz_05.jpg,D,Mazda,5
D_Maz_06.jpg,D,Mazda,6
D_Maz_07.jpg,D,Mazda,7
D_Maz_08.jpg,D,Mazda,8
D_Maz_09.jpg,D,Mazda,9
D_Maz_10.jpg,D,Mazda,10
D_Maz_11.jpg,D,Mazda,11
D_Maz_12.jpg,D,Mazda,12
D_Maz_13.jpg,D,Mazda,13
D_Maz_14.jpg,D,Mazda,14
D_Maz_15.jpg,D,Mazda,15
D_Maz_16.jpg,D,Mazda,16
D_Maz_17.jpg,D,Mazda,17
D_Maz_18.jpg,D,Mazda,18
D_Maz_19.jpg,D,Mazda,19
D_Maz_20.jpg,D,Mazda,20
D_Maz_21.jpg,D,Mazda,21
P_Maz_06.jpg,P,Mazda,6
P_Maz_07.jpg,P,Mazda,7
P_Maz_08.jpg,P,Mazda,8
P_Maz_09.jpg,P,Mazda,9
P_Maz_10.jpg,P,Mazda,10
J_Maz_11.jpg,J,Mazda,11
J_Maz_12.jpg,J,Mazda,12
J_Maz_13.jpg,J,Mazda,13
J_Maz_14.jpg,J,Mazda,14
J_Maz_15.jpg,J,Mazda,15
J_Maz_16.jpg,J,Mazda,16
J_Maz_17.jpg,J,Mazda,17
J_Maz_18.jpg,J,Mazda,18
J_Maz_19.jpg,J,Mazda,19
S_Mer_01.jpg,S,MercedesBenz,1
S_Mer_02.jpg,S,MercedesBenz,2
S_Mer_03.jpg,S,MercedesBenz,3
S_Mer_04.jpg,S,MercedesBenz,4
S_Mer_05.jpg,S,MercedesBenz,5
S_Mer_06.jpg,S,MercedesBenz,6
C_Mer_01.jpg,C,MercedesBenz,1
C_Mer_02.jpg,C,MercedesBenz,2
C_Mer_03.jpg,C,MercedesBenz,3
C_Mer_04.jpg,C,MercedesBenz,4
C_Mer_05.jpg,C,MercedesBenz,5
C_Mer_06.jpg,C,MercedesBenz,6
C_Mer_07.jpg,C,MercedesBenz,7
C_Mer_08.jpg,C,MercedesBenz,8
C_Mer_09.jpg,C,MercedesBenz,9
C_Mer_10.jpg,C,MercedesBenz,10
C_Mer_11.jpg,C,MercedesBenz,11
C_Mer_12.jpg,C,MercedesBenz,12
C_Mer_13.jpg,C,MercedesBenz,13
C_Mer_14.jpg,C,MercedesBenz,14
C_Mer_15.jpg,C,MercedesBenz,15
C_Mer_16.jpg,C,MercedesBenz,16
C_Mer_17.jpg,C,MercedesBenz,17
C_Mer_18.jpg,C,MercedesBenz,18
C_Mer_19.jpg,C,MercedesBenz,19
C_Mer_20.jpg,C,MercedesBenz,20
C_Mer_21.jpg,C,MercedesBenz,21
C_Mer_22.jpg,C,MercedesBenz,22
C_Mer_23.jpg,C,MercedesBenz,23
C_Mer_24.jpg,C,MercedesBenz,24
C_Mer_25.jpg,C,MercedesBenz,25
C_Mer_26.jpg,C,MercedesBenz,26
E_Mer_01.jpg,E,MercedesBenz,1
J_Mer_01.jpg,J,MercedesBenz,1
S_Mer_07.jpg,S,MercedesBenz,7
S_Mer_08.jpg,S,MercedesBenz,8
S_Mer_09.jpg,S,MercedesBenz,9
S_Mer_10.jpg,S,MercedesBenz,10
S_Mer_11.jpg,S,MercedesBenz,11
S_Mer_12.jpg,S,MercedesBenz,12
S_Mer_13.jpg,S,MercedesBenz,13
S_Mer_14.jpg,S,MercedesBenz,14
S_Mer_15.jpg,S,MercedesBenz,15
S_Mer_16.jpg,S,MercedesBenz,16
S_Mer_17.jpg,S,MercedesBenz,17
S_Mer_18.jpg,S,MercedesBenz,18
S_Mer_19.jpg,S,MercedesBenz,19
S_Mer_20.jpg,S,MercedesBenz,20
F_Mer_01.jpg,F,MercedesBenz,1
M_Mer_02.jpg,M,MercedesBenz,2
M_Mer_03.jpg,M,MercedesBenz,3
M_Mer_04.jpg,M,MercedesBenz,4
M_Mer_05.jpg,M,MercedesBenz,5
M_Mer_06.jpg,M,MercedesBenz,6
M_Mer_07.jpg,M,MercedesBenz,7
M_Mer_08.jpg,M,MercedesBenz,8
D_Mer_01.jpg,D,MercedesBenz,1
D_Mer_02.jpg,D,MercedesBenz,2
D_Mer_03.jpg,D,MercedesBenz,3
D_Mer_04.jpg,D,MercedesBenz,4
D_Mer_05.jpg,D,MercedesBenz,5
D_Mer_06.jpg,D,MercedesBenz,6
D_Mer_07.jpg,D,MercedesBenz,7
D_Mer_08.jpg,D,MercedesBenz,8
D_Mer_09.jpg,D,MercedesBenz,9
D_Mer_10.jpg,D,MercedesBenz,10
D_Mer_11.jpg,D,MercedesBenz,11
D_Mer_12.jpg,D,MercedesBenz,12
D_Mer_13.jpg,D,MercedesBenz,13
D_Mer_14.jpg,D,MercedesBenz,14
D_Mer_15.jpg,D,MercedesBenz,15
D_Mer_16.jpg,D,MercedesBenz,16
D_Mer_17.jpg,D,MercedesBenz,17
D_Mer_18.jpg,D,MercedesBenz,18
D_Mer_19.jpg,D,MercedesBenz,19
D_Mer_20.jpg,D,MercedesBenz,20
D_Mer_21.jpg,D,MercedesBenz,21
D_Mer_22.jpg,D,MercedesBenz,22
D_Mer_23.jpg,D,MercedesBenz,23
D_Mer_24.jpg,D,MercedesBenz,24
D_Mer_25.jpg,D,MercedesBenz,25
D_Mer_26.jpg,D,MercedesBenz,26
D_Mer_27.jpg,D,MercedesBenz,27
D_Mer_28.jpg,D,MercedesBenz,28
D_Mer_29.jpg,D,MercedesBenz,29
D_Mer_30.jpg,D,MercedesBenz,30
D_Mer_31.jpg,D,MercedesBenz,31
D_Mer_32.jpg,D,MercedesBenz,32
D_Mer_33.jpg,D,MercedesBenz,33
D_Mer_34.jpg,D,MercedesBenz,34
D_Mer_35.jpg,D,MercedesBenz,35
D_Mer_36.jpg,D,MercedesBenz,36
D_Mer_37.jpg,D,MercedesBenz,37
D_Mer_38.jpg,D,MercedesBenz,38
D_Mer_39.jpg,D,MercedesBenz,39
D_Mer_40.jpg,D,MercedesBenz,40
D_Mer_41.jpg,D,MercedesBenz,41
D_Mer_42.jpg,D,MercedesBenz,42
D_Mer_43.jpg,D,MercedesBenz,43
D_Mer_44.jpg,D,MercedesBenz,44
D_Mer_45.jpg,D,MercedesBenz,45
D_Mer_46.jpg,D,MercedesBenz,46
D_Mer_47.jpg,D,MercedesBenz,47
D_Mer_48.jpg,D,MercedesBenz,48
D_Mer_49.jpg,D,MercedesBenz,49
D_Mer_50.jpg,D,MercedesBenz,50
S_Mer_21.jpg,S,MercedesBenz,21
S_Mer_22.jpg,S,MercedesBenz,22
S_Mer_23.jpg,S,MercedesBenz,23
C_Mer_27.jpg,C,MercedesBenz,27
C_Mer_28.jpg,C,MercedesBenz,28
C_Mer_29.jpg,C,MercedesBenz,29
C_Mer_30.jpg,C,MercedesBenz,30
C_Mer_31.jpg,C,MercedesBenz,31
C_Mer_32.jpg,C,MercedesBenz,32
C_Mer_33.jpg,C,MercedesBenz,33
C_Mer_34.jpg,C,MercedesBenz,34
C_Mer_35.jpg,C,MercedesBenz,35
C_Mer_36.jpg,C,MercedesBenz,36
C_Mer_37.jpg,C,MercedesBenz,37
E_Mer_02.jpg,E,MercedesBenz,2
E_Mer_03.jpg,E,MercedesBenz,3
E_Mer_04.jpg,E,MercedesBenz,4
E_Mer_05.jpg,E,MercedesBenz,5
E_Mer_06.jpg,E,MercedesBenz,6
E_Mer_07.jpg,E,MercedesBenz,7
E_Mer_08.jpg,E,MercedesBenz,8
E_Mer_09.jpg,E,MercedesBenz,9
E_Mer_10.jpg,E,MercedesBenz,10
E_Mer_11.jpg,E,MercedesBenz,11
E_Mer_12.jpg,E,MercedesBenz,12
E_Mer_13.jpg,E,MercedesBenz,13
E_Mer_14.jpg,E,MercedesBenz,14
E_Mer_15.jpg,E,MercedesBenz,15
E_Mer_16.jpg,E,MercedesBenz,16
E_Mer_17.jpg,E,MercedesBenz,17
E_Mer_18.jpg,E,MercedesBenz,18
E_Mer_19.jpg,E,MercedesBenz,19
E_Mer_20.jpg,E,MercedesBenz,20
E_Mer_21.jpg,E,MercedesBenz,21
E_Mer_22.jpg,E,MercedesBenz,22
E_Mer_23.jpg,E,MercedesBenz,23
E_Mer_24.jpg,E,MercedesBenz,24
E_Mer_25.jpg,E,MercedesBenz,25
E_Mer_26.jpg,E,MercedesBenz,26
E_Mer_27.jpg,E,MercedesBenz,27
E_Mer_28.jpg,E,MercedesBenz,28
E_Mer_29.jpg,E,MercedesBenz,29
E_Mer_30.jpg,E,MercedesBenz,30
E_Mer_31.jpg,E,MercedesBenz,31
E_Mer_32.jpg,E,MercedesBenz,32
E_Mer_33.jpg,E,MercedesBenz,33
E_Mer_34.jpg,E,MercedesBenz,34
E_Mer_35.jpg,E,MercedesBenz,35
E_Mer_36.jpg,E,MercedesBenz,36
E_Mer_37.jpg,E,MercedesBenz,37
E_Mer_38.jpg,E,MercedesBenz,38
E_Mer_39.jpg,E,MercedesBenz,39
E_Mer_40.jpg,E,MercedesBenz,40
E_Mer_41.jpg,E,MercedesBenz,41
E_Mer_42.jpg,E,MercedesBenz,42
E_Mer_43.jpg,E,MercedesBenz,43
E_Mer_44.jpg,E,MercedesBenz,44
E_Mer_45.jpg,E,MercedesBenz,45
E_Mer_46.jpg,E,MercedesBenz,46
E_Mer_47.jpg,E,MercedesBenz,47
E_Mer_48.jpg,E,MercedesBenz,48
S_Nis_01.jpg,S,Nissan,1
S_Nis_02.jpg,S,Nissan,2
S_Nis_03.jpg,S,Nissan,3
S_Nis_04.jpg,S,Nissan,4
S_Nis_05.jpg,S,Nissan,5
S_Nis_06.jpg,S,Nissan,6
S_Nis_07.jpg,S,Nissan,7
S_Nis_08.jpg,S,Nissan,8
S_Nis_09.jpg,S,Nissan,9
S_Nis_10.jpg,S,Nissan,10
S_Nis_11.jpg,S,Nissan,11
S_Nis_12.jpg,S,Nissan,12
S_Nis_13.jpg,S,Nissan,13
S_Nis_14.jpg,S,Nissan,14
S_Nis_15.jpg,S,Nissan,15
S_Nis_16.jpg,S,Nissan,16
S_Nis_17.jpg,S,Nissan,17
S_Nis_18.jpg,S,Nissan,18
A_Ope_01.jpg,A,Opel,1
A_Ope_02.jpg,A,Opel,2
A_Ope_03.jpg,A,Opel,3
A_Ope_04.jpg,A,Opel,4
A_Ope_05.jpg,A,Opel,5
A_Ope_06.jpg,A,Opel,6
B_Ope_01.jpg,B,Opel,1
J_Ope_01.jpg,J,Opel,1
C_Ope_01.jpg,C,Opel,1
C_Ope_02.jpg,C,Opel,2
C_Ope_03.jpg,C,Opel,3
C_Ope_04.jpg,C,Opel,4
C_Ope_05.jpg,C,Opel,5
C_Ope_06.jpg,C,Opel,6
C_Ope_07.jpg,C,Opel,7
C_Ope_08.jpg,C,Opel,8
C_Ope_09.jpg,C,Opel,9
C_Ope_10.jpg,C,Opel,10
C_Ope_11.jpg,C,Opel,11
M_Ope_02.jpg,M,Opel,2
A_Ope_07.jpg,A,Opel,7
C_Ope_12.jpg,C,Opel,12
S_Ope_01.jpg,S,Opel,1
S_Ope_02.jpg,S,Opel,2
S_Ope_03.jpg,S,Opel,3
D_Ope_01.jpg,D,Opel,1
C_Ope_13.jpg,C,Opel,13
C_Ope_14.jpg,C,Opel,14
S_Ope_04.jpg,S,Opel,4
D_Ope_02.jpg,D,Opel,2
D_Ope_03.jpg,D,Opel,3
D_Ope_04.jpg,D,Opel,4
D_Ope_05.jpg,D,Opel,5
D_Ope_06.jpg,D,Opel,6
D_Ope_07.jpg,D,Opel,7
S_Ope_05.jpg,S,Opel,5
J_Ope_03.jpg,J,Opel,3
J_Ope_04.jpg,J,Opel,4
S_Ope_06.jpg,S,Opel,6
M_Peu_01.jpg,M,Peugeot,1
M_Peu_02.jpg,M,Peugeot,2
M_Peu_03.jpg,M,Peugeot,3
M_Peu_04.jpg,M,Peugeot,4
A_Peu_01.jpg,A,Peugeot,1
A_Peu_02.jpg,A,Peugeot,2
A_Peu_03.jpg,A,Peugeot,3
A_Peu_04.jpg,A,Peugeot,4
A_Peu_05.jpg,A,Peugeot,5
A_Peu_06.jpg,A,Peugeot,6
A_Peu_07.jpg,A,Peugeot,7
J_Peu_05.jpg,J,Peugeot,5
J_Peu_06.jpg,J,Peugeot,6
J_Peu_07.jpg,J,Peugeot,7
J_Peu_08.jpg,J,Peugeot,8
J_Peu_09.jpg,J,Peugeot,9
E_Pon_01.jpg,E,Pontiac,1
E_Pon_02.jpg,E,Pontiac,2
D_Pon_01.jpg,D,Pontiac,1
D_Pon_02.jpg,D,Pontiac,2
P_Pon_01.jpg,P,Pontiac,1
D_Pon_03.jpg,D,Pontiac,3
D_Pon_04.jpg,D,Pontiac,4
D_Pon_05.jpg,D,Pontiac,5
D_Pon_06.jpg,D,Pontiac,6
J_Pon_02.jpg,J,Pontiac,2
S_Pon_01.jpg,S,Pontiac,1
S_Pon_02.jpg,S,Pontiac,2
D_Pon_07.jpg,D,Pontiac,7
S_Por_01.jpg,S,Porsche,1
S_Por_02.jpg,S,Porsche,2
S_Por_03.jpg,S,Porsche,3
S_Por_04.jpg,S,Porsche,4
S_Por_05.jpg,S,Porsche,5
S_Por_06.jpg,S,Porsche,6
S_Por_07.jpg,S,Porsche,7
S_Por_08.jpg,S,Porsche,8
S_Por_09.jpg,S,Porsche,9
S_Por_10.jpg,S,Porsche,10
S_Por_11.jpg,S,Porsche,11
S_Por_12.jpg,S,Porsche,12
S_Por_13.jpg,S,Porsche,13
S_Por_14.jpg,S,Porsche,14
S_Por_15.jpg,S,Porsche,15
S_Por_16.jpg,S,Porsche,16
S_Por_17.jpg,S,Porsche,17
S_Por_18.jpg,S,Porsche,18
S_Por_19.jpg,S,Porsche,19
S_Por_20.jpg,S,Porsche,20
S_Por_21.jpg,S,Porsche,21
S_Por_22.jpg,S,Porsche,22
S_Por_23.jpg,S,Porsche,23
S_Por_24.jpg,S,Porsche,24
S_Por_25.jpg,S,Porsche,25
S_Por_26.jpg,S,Porsche,26
S_Por_27.jpg,S,Porsche,27
S_Por_28.jpg,S,Porsche,28
S_Por_29.jpg,S,Porsche,29
S_Por_30.jpg,S,Porsche,30
S_Por_31.jpg,S,Porsche,31
S_Por_32.jpg,S,Porsche,32
S_Por_33.jpg,S,Porsche,33
S_Por_34.jpg,S,Porsche,34
S_Por_35.jpg,S,Porsche,35
S_Por_36.jpg,S,Porsche,36
S_Por_37.jpg,S,Porsche,37
S_Por_38.jpg,S,Porsche,38
S_Por_39.jpg,S,Porsche,39
S_Por_40.jpg,S,Porsche,40
S_Por_41.jpg,S,Porsche,41
S_Por_42.jpg,S,Porsche,42
S_Por_43.jpg,S,Porsche,43
S_Por_44.jpg,S,Porsche,44
S_Por_45.jpg,S,Porsche,45
S_Por_46.jpg,S,Porsche,46
S_Por_47.jpg,S,Porsche,47
S_Por_48.jpg,S,Porsche,48
S_Por_49.jpg,S,Porsche,49
S_Por_50.jpg,S,Porsche,50
S_Por_51.jpg,S,Porsche,51
S_Por_52.jpg,S,Porsche,52
S_Por_53.jpg,S,Porsche,53
S_Por_54.jpg,S,Porsche,54
S_Por_55.jpg,S,Porsche,55
S_Por_56.jpg,S,Porsche,56
S_Por_57.jpg,S,Porsche,57
S_Por_58.jpg,S,Porsche,58
S_Por_59.jpg,S,Porsche,59
S_Por_60.jpg,S,Porsche,60
P_Ren_01.jpg,P,Renault,1
S_Ren_01.jpg,S,Renault,1
S_Ren_02.jpg,S,Renault,2
J_Ren_02.jpg,J,Renault,2
J_Ren_03.jpg,J,Renault,3
J_Ren_04.jpg,J,Renault,4
M_Ren_05.jpg,M,Renault,5
M_Ren_06.jpg,M,Renault,6
J_Ren_07.jpg,J,Renault,7
J_Ren_08.jpg,J,Renault,8
J_Ren_09.jpg,J,Renault,9
J_Ren_10.jpg,J,Renault,10
J_Ren_11.jpg,J,Renault,11
J_Ren_12.jpg,J,Renault,12
B_Ren_01.jpg,B,Renault,1
B_Ren_02.jpg,B,Renault,2
B_Ren_03.jpg,B,Renault,3
B_Ren_04.jpg,B,Renault,4
B_Ren_05.jpg,B,Renault,5
B_Ren_06.jpg,B,Renault,6
B_Ren_07.jpg,B,Renault,7
B_Ren_08.jpg,B,Renault,8
B_Ren_09.jpg,B,Renault,9
B_Ren_10.jpg,B,Renault,10
B_Ren_11.jpg,B,Renault,11
B_Ren_12.jpg,B,Renault,12
B_Ren_13.jpg,B,Renault,13
B_Ren_14.jpg,B,Renault,14
S_Ren_03.jpg,S,Renault,3
S_Ren_04.jpg,S,Renault,4
J_Ren_13.jpg,J,Renault,13
J_Ren_14.jpg,J,Renault,14
M_Ren_15.jpg,M,Renault,15
B_Ren_15.jpg,B,Renault,15
B_Ren_16.jpg,B,Renault,16
M_Ren_16.jpg,M,Renault,16
M_Ren_17.jpg,M,Renault,17
M_Ren_18.jpg,M,Renault,18
M_Ren_19.jpg,M,Renault,19
M_Ren_20.jpg,M,Renault,20
S_Rol_01.jpg,S,RollsRoyce,1
F_Rol_01.jpg,F,RollsRoyce,1
F_Rol_02.jpg,F,RollsRoyce,2
F_Rol_03.jpg,F,RollsRoyce,3
F_Rol_04.jpg,F,RollsRoyce,4
F_Rol_05.jpg,F,RollsRoyce,5
F_Rol_06.jpg,F,RollsRoyce,6
F_Rol_07.jpg,F,RollsRoyce,7
F_Rol_08.jpg,F,RollsRoyce,8
S_Rol_02.jpg,S,RollsRoyce,2
S_Rol_03.jpg,S,RollsRoyce,3
F_Rol_09.jpg,F,RollsRoyce,9
A_Sko_01.jpg,A,Skoda,1
A_Sko_02.jpg,A,Skoda,2
A_Sko_03.jpg,A,Skoda,3
P_Ssa_01.jpg,P,SsangYong,1
J_Ssa_02.jpg,J,SsangYong,2
J_Ssa_03.jpg,J,SsangYong,3
J_Ssa_04.jpg,J,SsangYong,4
J_Ssa_05.jpg,J,SsangYong,5
J_Ssa_06.jpg,J,SsangYong,6
J_Ssa_07.jpg,J,SsangYong,7
J_Ssa_08.jpg,J,SsangYong,8
J_Ssa_09.jpg,J,SsangYong,9
J_Ssa_10.jpg,J,SsangYong,10
J_Ssa_11.jpg,J,SsangYong,11
P_Vwg_01.jpg,P,Volkswagen,1
P_Vwg_02.jpg,P,Volkswagen,2
P_Vwg_03.jpg,P,Volkswagen,3
P_Vwg_04.jpg,P,Volkswagen,4
P_Vwg_05.jpg,P,Volkswagen,5
D_Vwg_01.jpg,D,Volkswagen,1
D_Vwg_02.jpg,D,Volkswagen,2
D_Vwg_03.jpg,D,Volkswagen,3
D_Vwg_04.jpg,D,Volkswagen,4
D_Vwg_05.jpg,D,Volkswagen,5
D_Vwg_06.jpg,D,Volkswagen,6
D_Vwg_07.jpg,D,Volkswagen,7
J_Vwg_06.jpg,J,Volkswagen,6
J_Vwg_07.jpg,J,Volkswagen,7
J_Vwg_08.jpg,J,Volkswagen,8
J_Vwg_09.jpg,J,Volkswagen,9
C_Vwg_01.jpg,C,Volkswagen,1
C_Vwg_02.jpg,C,Volkswagen,2
C_Vwg_03.jpg,C,Volkswagen,3
C_Vwg_04.jpg,C,Volkswagen,4
C_Vwg_05.jpg,C,Volkswagen,5
C_Vwg_06.jpg,C,Volkswagen,6
C_Vwg_07.jpg,C,Volkswagen,7
A_Vwg_01.jpg,A,Volkswagen,1
C_Vol_01.jpg,C,Volvo,1
C_Vol_02.jpg,C,Volvo,2
C_Vol_03.jpg,C,Volvo,3
C_Vol_04.jpg,C,Volvo,4
C_Vol_05.jpg,C,Volvo,5
J_Vol_01.jpg,J,Volvo,1
J_Vol_02.jpg,J,Volvo,2
J_Vol_03.jpg,J,Volvo,3
S_Vol_01.jpg,S,Volvo,1
S_Vol_02.jpg,S,Volvo,2
S_Vol_03.jpg,S,Volvo,3
S_Vol_04.jpg,S,Volvo,4
S_Vol_05.jpg,S,Volvo,5
D_Vol_01.jpg,D,Volvo,1
J_Maz_20.jpg,J,Mazda,20
E_Gen_15.jpg,E,Genesis,15
J_Gen_01.jpg,J,Genesis,1
F_Mer_02.jpg,F,MercedesBenz,2
J_Mit_01.jpg,J,Mitsubishi,1
J_Riv_01.jpg,J,Rivian,1